Date,NY Conventional Gasoline Spot Price ($/gal),NY Ultra-Low Sulfur Diesel Spot Price ($/gal),WTI Crude Oil Spot Price ($/barrel),Brent Crude Oil Spot Price ($/barrel),NY Jet Fuel Price ($/gal)
2019-08-30T00:00:00.000,1.679,1.831,55.21,59.83,
2019-08-23T00:00:00.000,1.695,1.834,55.50,59.57,
2019-08-16T00:00:00.000,1.682,1.817,55.31,58.25,
2019-08-09T00:00:00.000,1.688,1.800,53.28,57.33,
2019-08-02T00:00:00.000,1.836,1.909,56.55,62.59,
2019-07-26T00:00:00.000,1.848,1.905,56.05,62.80,
2019-07-19T00:00:00.000,1.862,1.902,56.74,63.63,
2019-07-12T00:00:00.000,1.951,1.949,59.02,65.98,
2019-07-05T00:00:00.000,1.908,1.910,57.32,63.84,
2019-06-28T00:00:00.000,1.890,1.933,58.38,66.51,
2019-06-21T00:00:00.000,1.742,1.847,54.75,64.04,
2019-06-14T00:00:00.000,1.683,1.800,52.52,63.19,
2019-06-07T00:00:00.000,1.646,1.803,52.97,63.15,1.978
2019-05-31T00:00:00.000,1.830,1.939,56.93,69.29,
2019-05-24T00:00:00.000,1.911,2.030,60.72,70.89,
2019-05-17T00:00:00.000,1.956,2.076,62.10,73.32,
2019-05-10T00:00:00.000,1.921,2.050,61.81,71.25,
2019-05-03T00:00:00.000,2.020,2.072,62.90,71.59,2.146
2019-04-26T00:00:00.000,2.125,2.094,65.28,72.93,
2019-04-19T00:00:00.000,2.069,2.074,63.80,70.87,
2019-04-12T00:00:00.000,2.040,2.065,64.10,71.33,
2019-04-05T00:00:00.000,1.924,2.014,62.36,69.54,2.079
2019-03-29T00:00:00.000,1.862,1.979,59.49,67.25,
2019-03-22T00:00:00.000,1.890,1.978,59.44,67.34,
2019-03-15T00:00:00.000,1.797,1.984,57.81,65.71,
2019-03-08T00:00:00.000,1.707,2.011,56.35,64.73,
2019-03-01T00:00:00.000,1.683,2.003,56.12,64.56,2.061
2019-02-22T00:00:00.000,1.648,2.015,56.74,66.58,
2019-02-15T00:00:00.000,1.530,1.945,53.88,63.36,
2019-02-08T00:00:00.000,1.474,1.903,53.53,61.71,
2019-02-01T00:00:00.000,1.413,1.879,53.63,61.38,2.043
2019-01-25T00:00:00.000,1.429,1.884,52.88,61.34,
2019-01-18T00:00:00.000,1.448,1.878,51.92,59.83,
2019-01-11T00:00:00.000,1.442,1.856,50.78,58.64,
2019-01-04T00:00:00.000,1.389,1.709,47.00,54.31,1.946
2018-12-28T00:00:00.000,1.372,1.718,45.22,51.03,
2018-12-21T00:00:00.000,1.405,1.773,46.98,54.64,
2018-12-14T00:00:00.000,1.506,1.856,51.54,59.51,
2018-12-07T00:00:00.000,1.530,1.885,52.63,60.47,1.933
2018-11-30T00:00:00.000,1.503,1.857,51.01,58.65,
2018-11-23T00:00:00.000,1.587,1.999,54.99,61.22,
2018-11-16T00:00:00.000,1.634,2.092,56.92,66.21,
2018-11-09T00:00:00.000,1.720,2.189,61.57,70.34,
2018-11-02T00:00:00.000,1.830,2.231,65.06,74.09,2.223
2018-10-26T00:00:00.000,1.911,2.277,67.43,78.23,
2018-10-19T00:00:00.000,2.008,2.318,70.24,80.41,
2018-10-12T00:00:00.000,2.094,2.370,72.96,83.05,
2018-10-05T00:00:00.000,2.195,2.406,75.13,85.44,2.383
2018-09-28T00:00:00.000,2.138,2.315,72.84,81.85,
2018-09-21T00:00:00.000,2.075,2.225,70.28,78.97,
2018-09-14T00:00:00.000,2.061,2.236,68.96,78.11,
2018-09-07T00:00:00.000,2.098,2.231,68.51,76.64,2.306
2018-08-31T00:00:00.000,2.130,2.233,69.66,76.08,
2018-08-24T00:00:00.000,2.077,2.156,68.10,72.77,
2018-08-17T00:00:00.000,2.030,2.109,66.15,69.82,
2018-08-10T00:00:00.000,2.068,2.133,67.90,71.42,
2018-08-03T00:00:00.000,2.095,2.131,69.46,73.37,2.250
2018-07-27T00:00:00.000,2.106,2.147,70.01,74.00,
2018-07-20T00:00:00.000,2.007,2.084,68.95,71.27,
2018-07-13T00:00:00.000,2.075,2.154,71.96,75.29,
2018-07-06T00:00:00.000,2.088,2.170,73.73,76.33,2.229
2018-06-29T00:00:00.000,2.053,2.158,74.03,75.24,
2018-06-22T00:00:00.000,1.984,2.113,66.32,74.12,
2018-06-15T00:00:00.000,2.024,2.147,66.21,74.26,
2018-06-08T00:00:00.000,2.048,2.157,65.35,73.98,
2018-06-01T00:00:00.000,2.097,2.211,66.96,75.35,2.233
2018-05-25T00:00:00.000,2.179,2.270,70.98,78.59,
2018-05-18T00:00:00.000,2.181,2.281,71.30,78.75,
2018-05-11T00:00:00.000,2.114,2.219,70.56,76.68,
2018-05-04T00:00:00.000,2.057,2.147,68.38,74.42,2.289
2018-04-27T00:00:00.000,2.073,2.145,67.91,74.98,
2018-04-20T00:00:00.000,2.039,2.100,67.55,73.39,
2018-04-13T00:00:00.000,1.967,2.071,66.02,71.24,
2018-04-06T00:00:00.000,1.883,1.980,63.07,67.03,2.131
2018-03-30T00:00:00.000,1.912,2.017,64.97,68.65,
2018-03-23T00:00:00.000,1.865,1.972,64.11,67.40,
2018-03-16T00:00:00.000,1.779,1.879,61.28,64.14,
2018-03-09T00:00:00.000,1.777,1.874,61.65,65.12,
2018-03-02T00:00:00.000,1.840,1.917,62.07,66.02,1.964
2018-02-23T00:00:00.000,1.805,1.935,62.47,65.52,
2018-02-16T00:00:00.000,1.759,1.874,60.56,62.72,
2018-02-09T00:00:00.000,1.826,1.944,62.01,65.50,
2018-02-02T00:00:00.000,1.958,2.074,65.32,68.00,2.014
2018-01-26T00:00:00.000,1.973,2.091,65.14,70.04,
2018-01-19T00:00:00.000,1.901,2.065,63.77,69.39,
2018-01-12T00:00:00.000,1.860,2.070,63.26,69.47,
2018-01-05T00:00:00.000,1.818,2.070,61.36,67.81,2.106
2017-12-29T00:00:00.000,1.819,2.026,59.88,66.52,
2017-12-22T00:00:00.000,1.753,1.939,57.87,64.36,
2017-12-15T00:00:00.000,1.717,1.916,57.17,64.35,
2017-12-08T00:00:00.000,1.736,1.894,56.92,63.08,
2017-12-01T00:00:00.000,1.785,1.927,57.81,63.73,1.987
2017-11-24T00:00:00.000,1.802,1.932,57.47,62.68,
2017-11-17T00:00:00.000,1.802,1.909,55.81,61.52,
2017-11-10T00:00:00.000,1.912,1.928,57.05,64.29,
2017-11-03T00:00:00.000,1.836,1.875,54.59,61.04,1.894
2017-10-27T00:00:00.000,1.794,1.828,52.51,58.58,
2017-10-20T00:00:00.000,1.711,1.802,51.74,57.78,
2017-10-13T00:00:00.000,1.665,1.770,50.77,56.21,
2017-10-06T00:00:00.000,1.645,1.764,50.23,56.08,1.797
2017-09-29T00:00:00.000,1.726,1.837,51.77,58.75,
2017-09-22T00:00:00.000,1.766,1.799,50.12,57.03,
2017-09-15T00:00:00.000,1.889,1.743,49.07,55.54,
2017-09-08T00:00:00.000,2.048,1.787,48.58,53.88,
2017-09-01T00:00:00.000,1.950,1.718,46.68,52.25,1.905
2017-08-25T00:00:00.000,1.657,1.606,47.68,52.03,
2017-08-18T00:00:00.000,1.609,1.592,47.52,50.58,
2017-08-11T00:00:00.000,1.635,1.630,49.08,51.96,
2017-08-04T00:00:00.000,1.664,1.646,49.52,52.04,1.674
2017-07-28T00:00:00.000,1.610,1.585,48.27,49.95,
2017-07-21T00:00:00.000,1.591,1.525,46.41,47.99,
2017-07-14T00:00:00.000,1.529,1.479,45.51,47.10,
2017-07-07T00:00:00.000,1.494,1.465,44.96,48.17,1.504
2017-06-30T00:00:00.000,1.447,1.422,44.63,46.16,
2017-06-23T00:00:00.000,1.388,1.374,43.09,44.63,
2017-06-16T00:00:00.000,1.415,1.415,45.30,46.18,
2017-06-09T00:00:00.000,1.481,1.432,46.57,47.28,
2017-06-02T00:00:00.000,1.585,1.518,48.48,50.23,1.440
2017-05-26T00:00:00.000,1.610,1.584,50.21,52.58,
2017-05-19T00:00:00.000,1.569,1.531,49.24,51.75,
2017-05-12T00:00:00.000,1.486,1.470,47.04,48.00,
2017-05-05T00:00:00.000,1.460,1.456,47.21,48.70,1.497
2017-04-28T00:00:00.000,1.533,1.521,49.12,49.55,
2017-04-21T00:00:00.000,1.621,1.588,51.09,52.08,
2017-04-14T00:00:00.000,1.656,1.645,53.19,54.83,
2017-04-07T00:00:00.000,1.636,1.590,51.26,53.28,1.607
2017-03-31T00:00:00.000,1.565,1.535,49.14,51.33,
2017-03-24T00:00:00.000,1.491,1.495,47.28,50.10,
2017-03-17T00:00:00.000,1.454,1.498,48.03,50.29,
2017-03-10T00:00:00.000,1.484,1.552,50.50,52.78,
2017-03-03T00:00:00.000,1.492,1.606,53.56,54.40,1.572
2017-02-24T00:00:00.000,1.533,1.630,54.03,55.40,
2017-02-17T00:00:00.000,1.547,1.607,53.22,54.46,
2017-02-10T00:00:00.000,1.536,1.617,52.88,54.48,
2017-02-03T00:00:00.000,1.563,1.621,53.33,55.53,1.658
2017-01-27T00:00:00.000,1.574,1.594,52.74,54.91,
2017-01-20T00:00:00.000,1.615,1.612,51.82,54.19,
2017-01-13T00:00:00.000,1.628,1.623,52.07,54.02,
2017-01-06T00:00:00.000,1.695,1.676,53.34,55.13,1.612
2016-12-30T00:00:00.000,1.715,1.690,53.60,54.44,
2016-12-23T00:00:00.000,1.655,1.640,51.95,53.81,
2016-12-16T00:00:00.000,1.603,1.633,51.91,53.26,
2016-12-09T00:00:00.000,1.575,1.605,50.97,52.26,
2016-12-02T00:00:00.000,1.529,1.561,48.63,48.78,1.538
2016-11-25T00:00:00.000,1.470,1.516,47.25,46.49,
2016-11-18T00:00:00.000,1.388,1.423,45.15,44.01,
2016-11-11T00:00:00.000,1.459,1.421,44.61,43.09,
2016-11-04T00:00:00.000,1.529,1.469,45.51,44.63,1.446
2016-10-28T00:00:00.000,1.534,1.560,49.36,48.95,
2016-10-21T00:00:00.000,1.549,1.559,50.56,50.33,
2016-10-14T00:00:00.000,1.503,1.566,50.29,49.94,
2016-10-07T00:00:00.000,1.506,1.567,49.48,49.52,1.507
2016-09-30T00:00:00.000,1.486,1.465,46.55,46.74,
2016-09-23T00:00:00.000,1.440,1.411,44.59,46.24,
2016-09-16T00:00:00.000,1.439,1.397,44.34,46.21,
2016-09-09T00:00:00.000,1.413,1.413,45.96,47.51,
2016-09-02T00:00:00.000,1.371,1.422,45.11,47.31,1.406
2016-08-26T00:00:00.000,1.424,1.483,47.05,48.65,
2016-08-19T00:00:00.000,1.441,1.477,47.16,48.60,
2016-08-12T00:00:00.000,1.325,1.337,43.11,43.63,
2016-08-05T00:00:00.000,1.331,1.269,40.82,40.88,1.384
2016-07-29T00:00:00.000,1.320,1.272,41.83,42.55,
2016-07-22T00:00:00.000,1.334,1.351,44.44,45.22,
2016-07-15T00:00:00.000,1.368,1.401,45.60,45.54,
2016-07-08T00:00:00.000,1.373,1.431,46.17,45.96,
2016-07-01T00:00:00.000,1.442,1.467,48.17,47.09,1.386
2016-06-24T00:00:00.000,1.491,1.495,48.71,48.12,
2016-06-17T00:00:00.000,1.450,1.473,47.89,47.39,
2016-06-10T00:00:00.000,1.573,1.531,50.18,49.94,
2016-06-03T00:00:00.000,1.606,1.490,49.00,48.91,1.453
2016-05-27T00:00:00.000,1.626,1.495,48.72,48.73,
2016-05-20T00:00:00.000,1.622,1.470,47.99,48.34,
2016-05-13T00:00:00.000,1.505,1.361,45.44,45.20,
2016-05-06T00:00:00.000,1.492,1.338,44.22,44.20,1.359
2016-04-29T00:00:00.000,1.545,1.361,44.30,44.46,
2016-04-22T00:00:00.000,1.462,1.294,41.86,43.04,
2016-04-15T00:00:00.000,1.466,1.247,41.23,42.35,
2016-04-08T00:00:00.000,1.346,1.111,36.72,37.51,
2016-04-01T00:00:00.000,1.338,1.163,36.82,37.00,1.186
2016-03-25T00:00:00.000,1.286,1.219,39.45,39.41,
2016-03-18T00:00:00.000,1.181,1.221,38.32,38.50,
2016-03-11T00:00:00.000,1.147,1.211,37.69,39.30,
2016-03-04T00:00:00.000,1.047,1.102,34.43,36.28,1.176
2016-02-26T00:00:00.000,1.073,1.037,31.32,33.12,
2016-02-19T00:00:00.000,1.109,1.047,30.02,32.29,
2016-02-12T00:00:00.000,0.994,1.004,28.14,30.41,
2016-02-05T00:00:00.000,1.058,1.048,31.26,32.18,1.084
2016-01-29T00:00:00.000,1.098,1.002,31.81,31.75,
2016-01-22T00:00:00.000,1.065,0.907,29.19,27.76,
2016-01-15T00:00:00.000,1.083,0.940,30.59,29.10,
2016-01-08T00:00:00.000,1.203,1.056,34.65,34.19,
2016-01-01T00:00:00.000,1.277,1.058,36.99,36.55,1.071
2015-12-25T00:00:00.000,1.245,1.071,36.26,35.90,
2015-12-18T00:00:00.000,1.265,1.080,35.78,36.84,
2015-12-11T00:00:00.000,1.249,1.191,36.93,38.76,
2015-12-04T00:00:00.000,1.365,1.314,40.40,42.41,1.294
2015-11-27T00:00:00.000,1.371,1.369,40.49,43.65,
2015-11-20T00:00:00.000,1.316,1.358,40.62,41.54,
2015-11-13T00:00:00.000,1.372,1.428,42.70,44.75,
2015-11-06T00:00:00.000,1.449,1.508,45.98,47.23,1.485
2015-10-30T00:00:00.000,1.381,1.452,44.99,47.15,
2015-10-23T00:00:00.000,1.337,1.432,45.16,46.81,
2015-10-16T00:00:00.000,1.382,1.449,46.82,48.99,
2015-10-09T00:00:00.000,1.477,1.548,48.36,51.33,
2015-10-02T00:00:00.000,1.418,1.486,45.00,46.99,1.518
2015-09-25T00:00:00.000,1.446,1.492,45.57,47.33,
2015-09-18T00:00:00.000,1.431,1.488,45.48,47.34,
2015-09-11T00:00:00.000,1.490,1.538,45.16,47.60,
2015-09-04T00:00:00.000,1.538,1.591,46.73,48.87,1.492
2015-08-28T00:00:00.000,1.463,1.435,40.73,43.53,
2015-08-21T00:00:00.000,1.593,1.502,41.34,46.00,
2015-08-14T00:00:00.000,1.724,1.563,43.20,47.94,
2015-08-07T00:00:00.000,1.695,1.532,44.94,48.59,1.554
2015-07-31T00:00:00.000,1.747,1.594,47.91,54.14,
2015-07-24T00:00:00.000,1.823,1.657,49.21,55.75,
2015-07-17T00:00:00.000,1.856,1.680,51.68,57.17,
2015-07-10T00:00:00.000,1.952,1.714,52.38,56.63,
2015-07-03T00:00:00.000,1.958,1.842,57.92,60.36,1.711
2015-06-26T00:00:00.000,1.976,1.878,60.01,60.84,
2015-06-19T00:00:00.000,2.049,1.886,59.89,60.65,
2015-06-12T00:00:00.000,2.041,1.902,60.07,63.24,
2015-06-05T00:00:00.000,1.975,1.897,59.66,61.90,1.874
2015-05-29T00:00:00.000,1.940,1.911,58.19,61.57,
2015-05-22T00:00:00.000,1.960,1.963,58.95,64.31,
2015-05-15T00:00:00.000,1.937,1.992,60.01,64.90,
2015-05-08T00:00:00.000,1.922,1.987,59.73,65.01,
2015-05-01T00:00:00.000,1.924,1.949,57.98,63.49,1.957
2015-04-24T00:00:00.000,1.847,1.894,56.14,61.41,
2015-04-17T00:00:00.000,1.777,1.856,54.78,59.12,
2015-04-10T00:00:00.000,1.716,1.752,51.78,56.51,
2015-04-03T00:00:00.000,1.633,1.719,48.91,54.79,1.790
2015-03-27T00:00:00.000,1.654,1.744,48.68,55.01,
2015-03-20T00:00:00.000,1.575,1.761,44.39,52.72,
2015-03-13T00:00:00.000,1.628,1.865,47.69,56.51,
2015-03-06T00:00:00.000,1.726,2.109,50.38,60.12,1.876
2015-02-27T00:00:00.000,1.718,2.191,49.16,60.63,
2015-02-20T00:00:00.000,1.604,2.061,51.69,60.57,
2015-02-13T00:00:00.000,1.575,1.908,51.14,56.57,
2015-02-06T00:00:00.000,1.531,1.818,50.58,54.62,1.836
2015-01-30T00:00:00.000,1.377,1.653,45.32,46.76,
2015-01-23T00:00:00.000,1.350,1.641,46.46,46.44,
2015-01-16T00:00:00.000,1.325,1.655,47.07,46.58,
2015-01-09T00:00:00.000,1.376,1.729,48.77,49.47,
2015-01-02T00:00:00.000,1.514,1.836,53.44,56.03,1.750
2014-12-26T00:00:00.000,1.590,1.948,55.58,58.69,
2014-12-19T00:00:00.000,1.607,2.012,55.89,59.77,
2014-12-12T00:00:00.000,1.712,2.095,61.14,64.08,
2014-12-05T00:00:00.000,1.902,2.177,67.18,69.72,2.236
2014-11-28T00:00:00.000,2.102,2.363,72.36,76.63,
2014-11-21T00:00:00.000,2.151,2.419,75.38,77.62,
2014-11-14T00:00:00.000,2.183,2.453,76.50,79.90,
2014-11-07T00:00:00.000,2.213,2.473,78.24,83.04,2.532
2014-10-31T00:00:00.000,2.302,2.503,81.29,85.56,
2014-10-24T00:00:00.000,2.347,2.493,82.12,85.58,
2014-10-17T00:00:00.000,2.331,2.492,82.88,85.50,
2014-10-10T00:00:00.000,2.483,2.577,87.63,90.19,
2014-10-03T00:00:00.000,2.667,2.654,91.44,93.41,2.649
2014-09-26T00:00:00.000,2.762,2.689,93.15,95.01,
2014-09-19T00:00:00.000,2.677,2.724,93.52,97.02,
2014-09-12T00:00:00.000,2.691,2.766,92.43,97.32,
2014-09-05T00:00:00.000,2.748,2.825,94.06,100.45,2.907
2014-08-29T00:00:00.000,2.750,2.847,96.25,100.64,
2014-08-22T00:00:00.000,2.704,2.821,94.95,99.88,
2014-08-15T00:00:00.000,2.685,2.858,97.17,101.94,
2014-08-08T00:00:00.000,2.688,2.873,97.50,103.60,
2014-08-01T00:00:00.000,2.735,2.879,102.19,105.71,2.975
2014-07-25T00:00:00.000,2.782,2.872,104.35,106.34,
2014-07-18T00:00:00.000,2.786,2.855,102.37,105.39,
2014-07-11T00:00:00.000,2.829,2.870,103.25,107.03,
2014-07-04T00:00:00.000,2.887,2.944,105.52,110.26,2.924
2014-06-27T00:00:00.000,2.932,3.022,106.69,113.09,
2014-06-20T00:00:00.000,2.952,3.028,107.23,114.29,
2014-06-13T00:00:00.000,2.882,2.927,105.97,110.98,
2014-06-06T00:00:00.000,2.819,2.870,103.23,108.98,2.993
2014-05-30T00:00:00.000,2.853,2.923,103.95,109.62,
2014-05-23T00:00:00.000,2.896,2.951,103.82,110.72,
2014-05-16T00:00:00.000,2.864,2.954,101.92,109.53,
2014-05-09T00:00:00.000,2.832,2.918,100.29,108.48,
2014-05-02T00:00:00.000,2.883,2.945,100.51,109.15,3.006
2014-04-25T00:00:00.000,3.001,3.002,102.11,109.21,
2014-04-18T00:00:00.000,2.971,3.001,103.95,109.07,
2014-04-11T00:00:00.000,2.886,2.932,102.72,106.51,
2014-04-04T00:00:00.000,2.709,2.905,100.46,105.26,3.032
2014-03-28T00:00:00.000,2.699,2.935,100.66,106.54,
2014-03-21T00:00:00.000,2.722,2.928,99.77,106.53,
2014-03-14T00:00:00.000,2.791,3.006,99.55,108.01,
2014-03-07T00:00:00.000,2.809,3.114,103.07,109.14,
2014-02-28T00:00:00.000,2.831,3.164,102.77,109.17,
2014-02-21T00:00:00.000,2.879,3.213,102.93,109.74,
2014-02-14T00:00:00.000,2.798,3.140,100.21,109.12,
2014-02-07T00:00:00.000,2.691,3.389,97.78,107.73,3.106
2014-01-31T00:00:00.000,2.675,3.304,97.29,108.83,
2014-01-24T00:00:00.000,2.687,3.224,96.19,109.14,
2014-01-17T00:00:00.000,2.636,3.034,92.98,107.83,
2014-01-10T00:00:00.000,2.685,2.976,92.42,107.01,
2014-01-03T00:00:00.000,2.753,3.040,96.47,108.73,3.121
2013-12-27T00:00:00.000,2.823,3.106,99.15,111.72,
2013-12-20T00:00:00.000,2.714,3.014,97.85,110.34,
2013-12-13T00:00:00.000,2.665,3.002,97.23,109.10,
2013-12-06T00:00:00.000,2.727,3.052,96.21,112.28,3.015
2013-11-29T00:00:00.000,2.707,3.042,92.97,111.32,
2013-11-22T00:00:00.000,2.725,2.968,93.92,109.32,
2013-11-15T00:00:00.000,2.695,2.907,93.94,107.10,
2013-11-08T00:00:00.000,2.588,2.866,94.31,104.54,
2013-11-01T00:00:00.000,2.654,2.950,96.94,107.61,2.944
2013-10-25T00:00:00.000,2.657,2.952,97.57,107.82,
2013-10-18T00:00:00.000,2.722,3.025,101.51,110.11,
2013-10-11T00:00:00.000,2.706,3.038,102.70,110.30,
2013-10-04T00:00:00.000,2.670,2.987,103.14,108.63,2.998
2013-09-27T00:00:00.000,2.712,2.972,103.10,108.80,
2013-09-20T00:00:00.000,2.769,3.017,106.22,109.98,
2013-09-13T00:00:00.000,2.824,3.099,108.36,113.22,
2013-09-06T00:00:00.000,2.933,3.140,108.77,116.03,3.117
2013-08-30T00:00:00.000,2.982,3.150,108.33,115.32,
2013-08-23T00:00:00.000,2.947,3.077,105.48,111.12,
2013-08-16T00:00:00.000,2.927,3.053,106.97,110.73,
2013-08-09T00:00:00.000,2.866,2.988,105.17,108.56,
2013-08-02T00:00:00.000,2.963,3.050,105.54,108.61,3.081
2013-07-26T00:00:00.000,2.935,3.046,105.88,108.40,
2013-07-19T00:00:00.000,3.015,3.069,106.88,109.41,
2013-07-12T00:00:00.000,2.935,2.998,104.70,108.26,
2013-07-05T00:00:00.000,2.747,2.934,100.65,105.18,3.037
2013-06-28T00:00:00.000,2.655,2.864,95.83,101.43,
2013-06-21T00:00:00.000,2.769,2.924,96.65,103.93,
2013-06-14T00:00:00.000,2.786,2.908,96.36,103.39,
2013-06-07T00:00:00.000,2.752,2.869,94.25,102.92,2.917
2013-05-31T00:00:00.000,2.707,2.850,93.32,102.03,
2013-05-24T00:00:00.000,2.747,2.893,94.76,102.30,
2013-05-17T00:00:00.000,2.777,2.898,94.65,102.91,
2013-05-10T00:00:00.000,2.767,2.924,95.84,103.77,
2013-05-03T00:00:00.000,2.699,2.859,93.40,101.53,2.841
2013-04-26T00:00:00.000,2.691,2.853,91.00,100.61,
2013-04-19T00:00:00.000,2.691,2.780,88.00,98.09,
2013-04-12T00:00:00.000,2.677,2.942,93.36,103.25,
2013-04-05T00:00:00.000,2.758,3.039,95.07,107.06,2.962
2013-03-29T00:00:00.000,2.911,3.025,96.08,107.68,
2013-03-22T00:00:00.000,2.875,2.988,93.05,107.33,
2013-03-15T00:00:00.000,2.909,3.045,92.70,108.41,
2013-03-08T00:00:00.000,2.913,3.085,91.00,109.98,
2013-03-01T00:00:00.000,2.992,3.119,92.19,112.42,3.128
2013-02-22T00:00:00.000,3.092,3.240,94.38,115.30,
2013-02-15T00:00:00.000,3.088,3.304,96.95,118.10,
2013-02-08T00:00:00.000,3.057,3.251,96.18,117.15,
2013-02-01T00:00:00.000,3.032,3.168,97.33,115.13,3.357
2013-01-25T00:00:00.000,2.880,3.125,95.41,113.72,
2013-01-18T00:00:00.000,2.770,3.080,94.58,111.35,
2013-01-11T00:00:00.000,2.809,3.091,93.38,112.37,
2013-01-04T00:00:00.000,2.814,3.070,92.77,112.35,3.225
2012-12-28T00:00:00.000,2.827,3.106,90.14,109.81,
2012-12-21T00:00:00.000,2.755,3.082,88.24,109.79,
2012-12-14T00:00:00.000,2.645,3.054,85.71,108.83,
2012-12-07T00:00:00.000,2.681,3.045,87.00,109.08,3.103
2012-11-30T00:00:00.000,2.789,3.176,87.27,109.82,
2012-11-23T00:00:00.000,2.818,3.268,87.40,110.26,
2012-11-16T00:00:00.000,2.921,3.171,85.87,109.12,
2012-11-09T00:00:00.000,2.810,3.144,85.98,107.78,
2012-11-02T00:00:00.000,2.730,3.154,85.87,108.85,3.131
2012-10-26T00:00:00.000,2.717,3.142,86.35,108.27,
2012-10-19T00:00:00.000,2.897,3.274,91.59,113.59,
2012-10-12T00:00:00.000,3.163,3.322,91.42,114.88,
2012-10-05T00:00:00.000,3.234,3.245,90.81,111.41,3.264
2012-09-28T00:00:00.000,3.363,3.198,91.35,110.35,
2012-09-21T00:00:00.000,3.134,3.180,93.70,111.83,
2012-09-14T00:00:00.000,3.335,3.284,97.56,115.41,
2012-09-07T00:00:00.000,3.244,3.262,95.68,114.11,3.327
2012-08-31T00:00:00.000,3.146,3.278,95.68,113.02,
2012-08-24T00:00:00.000,3.041,3.243,96.22,116.10,
2012-08-17T00:00:00.000,3.002,3.196,94.43,115.04,
2012-08-10T00:00:00.000,2.987,3.114,93.14,112.49,
2012-08-03T00:00:00.000,2.837,2.967,89.10,107.27,3.199
2012-07-27T00:00:00.000,2.711,2.935,88.88,104.18,
2012-07-20T00:00:00.000,2.820,2.984,90.34,105.40,
2012-07-13T00:00:00.000,2.769,2.894,85.78,99.88,
2012-07-06T00:00:00.000,2.664,2.850,85.74,98.80,2.961
2012-06-29T00:00:00.000,2.515,2.709,80.23,91.23,
2012-06-22T00:00:00.000,2.535,2.691,81.11,92.46,
2012-06-15T00:00:00.000,2.672,2.715,83.27,97.21,
2012-06-08T00:00:00.000,2.683,2.725,84.43,99.03,
2012-06-01T00:00:00.000,2.714,2.793,87.06,103.47,2.813
2012-05-25T00:00:00.000,2.827,2.898,90.88,108.14,
2012-05-18T00:00:00.000,2.875,2.950,93.11,109.87,
2012-05-11T00:00:00.000,2.933,3.056,96.98,111.78,
2012-05-04T00:00:00.000,2.986,3.199,103.47,116.67,3.233
2012-04-27T00:00:00.000,3.090,3.240,103.78,118.10,
2012-04-20T00:00:00.000,3.154,3.205,103.15,117.18,
2012-04-13T00:00:00.000,3.278,3.231,102.55,120.87,
2012-04-06T00:00:00.000,3.361,3.303,103.52,124.18,3.354
2012-03-30T00:00:00.000,3.307,3.294,105.12,124.43,
2012-03-23T00:00:00.000,3.219,3.297,106.41,124.35,
2012-03-16T00:00:00.000,3.117,3.328,106.15,126.22,
2012-03-09T00:00:00.000,3.043,3.294,106.32,126.62,
2012-03-02T00:00:00.000,3.174,3.281,107.52,124.88,3.355
2012-02-24T00:00:00.000,3.113,3.310,107.18,123.34,
2012-02-17T00:00:00.000,3.025,3.210,101.73,119.79,
2012-02-10T00:00:00.000,2.988,3.213,98.56,117.21,
2012-02-03T00:00:00.000,2.910,3.083,97.80,111.20,3.273
2012-01-27T00:00:00.000,2.867,3.072,99.35,109.18,
2012-01-20T00:00:00.000,2.831,3.053,99.95,109.60,
2012-01-13T00:00:00.000,2.774,3.094,100.43,111.78,
2012-01-06T00:00:00.000,2.778,3.105,102.39,112.51,3.150
2011-12-30T00:00:00.000,2.698,2.953,99.80,107.51,
2011-12-23T00:00:00.000,2.639,2.905,97.75,107.72,
2011-12-16T00:00:00.000,2.568,2.879,96.05,106.26,
2011-12-09T00:00:00.000,2.636,2.982,100.10,109.31,
2011-12-02T00:00:00.000,2.602,3.029,99.75,110.05,3.062
2011-11-25T00:00:00.000,2.548,3.011,96.88,106.67,
2011-11-18T00:00:00.000,2.577,3.138,99.32,110.69,
2011-11-11T00:00:00.000,2.719,3.170,96.97,114.68,
2011-11-04T00:00:00.000,2.703,3.073,93.24,109.84,3.189
2011-10-28T00:00:00.000,2.744,3.089,92.32,111.33,
2011-10-21T00:00:00.000,2.772,3.054,86.82,111.47,
2011-10-14T00:00:00.000,2.882,3.004,85.35,111.59,
2011-10-07T00:00:00.000,2.710,2.870,79.43,104.03,3.041
2011-09-30T00:00:00.000,2.635,2.886,81.18,107.69,
2011-09-23T00:00:00.000,2.678,2.937,83.65,111.98,
2011-09-16T00:00:00.000,2.794,2.999,88.93,114.98,
2011-09-09T00:00:00.000,2.937,3.078,87.91,115.97,
2011-09-02T00:00:00.000,2.911,3.097,88.07,116.11,3.137
2011-08-26T00:00:00.000,2.862,3.009,85.06,111.06,
2011-08-19T00:00:00.000,2.807,2.986,85.36,109.54,
2011-08-12T00:00:00.000,2.741,2.908,82.86,105.30,
2011-08-05T00:00:00.000,2.889,3.077,90.85,112.65,3.154
2011-07-29T00:00:00.000,3.048,3.180,97.83,117.70,
2011-07-22T00:00:00.000,3.039,3.198,98.01,118.20,
2011-07-15T00:00:00.000,3.043,3.202,96.72,117.72,
2011-07-08T00:00:00.000,2.973,3.126,97.12,115.39,
2011-07-01T00:00:00.000,2.796,2.959,93.70,109.03,3.177
2011-06-24T00:00:00.000,2.739,2.942,92.70,110.18,
2011-06-17T00:00:00.000,2.868,3.116,95.87,116.79,
2011-06-10T00:00:00.000,2.899,3.159,100.05,117.73,
2011-06-03T00:00:00.000,2.924,3.108,100.92,115.68,3.192
2011-05-27T00:00:00.000,2.933,3.005,99.55,113.41,
2011-05-20T00:00:00.000,2.865,2.955,97.99,112.02,
2011-05-13T00:00:00.000,3.152,3.031,99.87,114.53,
2011-05-06T00:00:00.000,3.159,3.132,105.84,119.56,3.315
2011-04-29T00:00:00.000,3.290,3.296,112.30,125.36,
2011-04-22T00:00:00.000,3.192,3.251,109.11,122.74,
2011-04-15T00:00:00.000,3.133,3.268,107.75,123.57,
2011-04-08T00:00:00.000,3.117,3.279,109.29,123.03,
2011-04-01T00:00:00.000,2.972,3.149,105.08,116.49,3.373
2011-03-25T00:00:00.000,2.846,3.145,104.41,115.41,
2011-03-18T00:00:00.000,2.734,3.115,99.79,112.67,
2011-03-11T00:00:00.000,2.832,3.124,103.74,114.45,
2011-03-04T00:00:00.000,2.864,3.112,101.05,114.53,3.262
2011-02-25T00:00:00.000,2.731,2.968,95.05,110.77,
2011-02-18T00:00:00.000,2.511,2.808,83.91,102.96,
2011-02-11T00:00:00.000,2.471,2.777,85.51,99.90,
2011-02-04T00:00:00.000,2.466,2.782,89.52,100.36,2.870
2011-01-28T00:00:00.000,2.411,2.681,86.11,96.62,
2011-01-21T00:00:00.000,2.464,2.680,89.75,97.34,
2011-01-14T00:00:00.000,2.474,2.651,91.02,97.09,
2011-01-07T00:00:00.000,2.442,2.540,89.54,94.72,2.685
2010-12-31T00:00:00.000,2.430,2.529,90.97,93.17,
2010-12-24T00:00:00.000,2.452,2.527,89.66,92.90,
2010-12-17T00:00:00.000,2.329,2.482,88.27,90.91,
2010-12-10T00:00:00.000,2.349,2.475,88.50,90.25,
2010-12-03T00:00:00.000,2.359,2.448,86.75,88.10,2.526
2010-11-26T00:00:00.000,2.258,2.353,82.28,83.51,
2010-11-19T00:00:00.000,2.287,2.336,82.23,83.94,
2010-11-12T00:00:00.000,2.242,2.439,86.91,87.43,
2010-11-05T00:00:00.000,2.174,2.366,84.93,85.60,2.417
2010-10-29T00:00:00.000,2.122,2.274,82.03,82.25,
2010-10-22T00:00:00.000,2.146,2.275,81.15,81.43,
2010-10-15T00:00:00.000,2.202,2.310,82.16,83.11,
2010-10-08T00:00:00.000,2.193,2.335,82.29,83.87,
2010-10-01T00:00:00.000,2.034,2.258,78.41,79.82,2.334
2010-09-24T00:00:00.000,1.951,2.176,73.76,78.38,
2010-09-17T00:00:00.000,1.978,2.176,75.62,78.44,
2010-09-10T00:00:00.000,1.968,2.146,74.82,77.17,
2010-09-03T00:00:00.000,1.919,2.113,74.02,75.41,2.242
2010-08-27T00:00:00.000,1.859,2.064,72.91,72.82,
2010-08-20T00:00:00.000,1.882,2.070,74.84,74.94,
2010-08-13T00:00:00.000,1.949,2.141,78.17,78.21,
2010-08-06T00:00:00.000,2.098,2.229,81.79,82.69,2.243
2010-07-30T00:00:00.000,2.024,2.086,78.12,77.24,
2010-07-23T00:00:00.000,2.025,2.088,77.56,76.64,
2010-07-16T00:00:00.000,1.988,2.082,76.35,75.70,
2010-07-09T00:00:00.000,1.970,2.047,74.39,73.95,
2010-07-02T00:00:00.000,1.969,2.032,74.96,73.86,2.205
2010-06-25T00:00:00.000,2.054,2.144,77.06,76.64,
2010-06-18T00:00:00.000,2.080,2.157,76.70,76.22,
2010-06-11T00:00:00.000,1.969,2.071,73.44,72.76,
2010-06-04T00:00:00.000,1.945,2.071,72.91,72.71,2.197
2010-05-28T00:00:00.000,1.900,2.025,70.62,70.79,
2010-05-21T00:00:00.000,1.921,2.022,69.14,72.17,
2010-05-14T00:00:00.000,2.099,2.218,74.98,78.32,
2010-05-07T00:00:00.000,2.155,2.277,80.24,82.50,2.297
2010-04-30T00:00:00.000,2.260,2.307,84.22,85.98,
2010-04-23T00:00:00.000,2.195,2.260,82.90,84.61,
2010-04-16T00:00:00.000,2.205,2.273,84.34,85.23,
2010-04-09T00:00:00.000,2.238,2.296,85.66,83.88,
2010-04-02T00:00:00.000,2.191,2.225,83.01,80.59,2.364
2010-03-26T00:00:00.000,2.118,2.148,80.65,78.38,
2010-03-19T00:00:00.000,2.150,2.162,81.44,79.05,
2010-03-12T00:00:00.000,2.154,2.160,81.76,79.36,
2010-03-05T00:00:00.000,2.127,2.139,80.19,77.86,2.262
2010-02-26T00:00:00.000,2.042,2.095,79.22,76.23,
2010-02-19T00:00:00.000,2.031,2.077,78.25,75.80,
2010-02-12T00:00:00.000,1.908,1.974,73.88,70.85,
2010-02-05T00:00:00.000,1.885,2.002,74.57,72.54,2.140
2010-01-29T00:00:00.000,1.942,1.965,73.94,71.88,
2010-01-22T00:00:00.000,2.010,1.994,76.62,74.28,
2010-01-15T00:00:00.000,2.079,2.098,80.06,78.31,
2010-01-08T00:00:00.000,2.124,2.190,82.34,79.82,
2010-01-01T00:00:00.000,2.031,2.108,79.07,77.19,2.243
2009-12-25T00:00:00.000,1.911,1.965,74.76,73.35,
2009-12-18T00:00:00.000,1.842,1.918,71.72,71.80,
2009-12-11T00:00:00.000,1.859,1.923,71.51,73.14,
2009-12-04T00:00:00.000,1.990,2.013,76.81,77.78,2.122
2009-11-27T00:00:00.000,1.975,1.963,76.14,76.52,
2009-11-20T00:00:00.000,2.001,2.008,78.37,77.04,
2009-11-13T00:00:00.000,1.961,1.992,78.24,76.25,
2009-11-06T00:00:00.000,1.989,2.024,79.00,76.60,2.161
2009-10-30T00:00:00.000,2.042,2.048,78.47,76.07,
2009-10-23T00:00:00.000,2.040,2.089,80.06,77.24,
2009-10-16T00:00:00.000,1.899,1.983,75.73,72.29,
2009-10-09T00:00:00.000,1.781,1.859,70.80,67.87,
2009-10-02T00:00:00.000,1.711,1.810,68.84,65.90,2.018
2009-09-25T00:00:00.000,1.703,1.771,68.33,66.96,
2009-09-18T00:00:00.000,1.835,1.830,71.32,68.85,
2009-09-11T00:00:00.000,1.835,1.807,70.91,69.17,
2009-09-04T00:00:00.000,1.824,1.788,68.39,67.60,1.942
2009-08-28T00:00:00.000,1.907,1.911,72.37,72.33,
2009-08-21T00:00:00.000,1.912,1.919,70.80,71.52,
2009-08-14T00:00:00.000,1.935,1.932,69.64,72.90,
2009-08-07T00:00:00.000,1.987,1.965,71.58,73.99,2.003
2009-07-31T00:00:00.000,1.870,1.838,67.03,68.60,
2009-07-24T00:00:00.000,1.809,1.802,65.28,66.56,
2009-07-17T00:00:00.000,1.651,1.636,61.29,61.11,
2009-07-10T00:00:00.000,1.652,1.603,61.48,60.39,
2009-07-03T00:00:00.000,1.829,1.782,69.32,68.03,1.877
2009-06-26T00:00:00.000,1.812,1.790,68.58,67.58,
2009-06-19T00:00:00.000,1.974,1.857,70.62,69.68,
2009-06-12T00:00:00.000,1.964,1.847,70.85,69.88,
2009-06-05T00:00:00.000,1.890,1.786,68.11,67.17,1.869
2009-05-29T00:00:00.000,1.838,1.612,64.32,62.20,
2009-05-22T00:00:00.000,1.752,1.535,60.32,57.89,
2009-05-15T00:00:00.000,1.660,1.498,57.94,56.39,
2009-05-08T00:00:00.000,1.585,1.478,55.96,54.83,
2009-05-01T00:00:00.000,1.379,1.382,50.20,49.92,1.561
2009-04-24T00:00:00.000,1.369,1.402,47.80,48.97,
2009-04-17T00:00:00.000,1.421,1.490,49.86,51.59,
2009-04-10T00:00:00.000,1.383,1.498,50.46,51.48,
2009-04-03T00:00:00.000,1.328,1.463,50.34,48.49,1.535
2009-03-27T00:00:00.000,1.387,1.529,52.99,51.46,
2009-03-20T00:00:00.000,1.299,1.345,49.49,46.43,
2009-03-13T00:00:00.000,1.217,1.223,45.66,43.98,
2009-03-06T00:00:00.000,1.243,1.218,43.18,43.86,1.354
2009-02-27T00:00:00.000,1.169,1.271,41.10,42.68,
2009-02-20T00:00:00.000,1.130,1.210,37.15,40.91,
2009-02-13T00:00:00.000,1.295,1.348,36.94,45.59,
2009-02-06T00:00:00.000,1.251,1.374,40.78,43.64,1.449
2009-01-30T00:00:00.000,1.213,1.442,42.70,44.20,
2009-01-23T00:00:00.000,1.162,1.413,42.15,41.67,
2009-01-16T00:00:00.000,1.137,1.511,36.73,42.38,
2009-01-09T00:00:00.000,1.090,1.600,44.46,45.25,
2009-01-02T00:00:00.000,0.924,1.376,42.40,37.04,1.581
2008-12-26T00:00:00.000,0.842,1.306,32.98,35.38,
2008-12-19T00:00:00.000,1.001,1.446,39.70,41.71,
2008-12-12T00:00:00.000,0.979,1.453,44.57,41.01,
2008-12-05T00:00:00.000,1.027,1.574,45.60,43.70,1.603
2008-11-28T00:00:00.000,1.190,1.778,53.27,48.53,
2008-11-21T00:00:00.000,1.157,1.813,52.26,47.79,
2008-11-14T00:00:00.000,1.313,1.973,58.60,53.27,
2008-11-07T00:00:00.000,1.452,2.101,64.31,59.43,2.134
2008-10-31T00:00:00.000,1.590,2.085,65.21,60.61,
2008-10-24T00:00:00.000,1.804,2.220,68.56,64.40,
2008-10-17T00:00:00.000,1.949,2.379,75.19,69.28,
2008-10-10T00:00:00.000,2.074,2.605,86.24,80.98,
2008-10-03T00:00:00.000,2.394,2.923,96.59,91.90,2.789
2008-09-26T00:00:00.000,2.674,3.133,111.12,100.91,
2008-09-19T00:00:00.000,2.892,2.937,97.19,89.35,
2008-09-12T00:00:00.000,2.938,3.015,102.88,97.28,
2008-09-05T00:00:00.000,2.874,3.126,108.37,103.69,3.454
2008-08-29T00:00:00.000,2.926,3.289,116.09,112.40,
2008-08-22T00:00:00.000,2.884,3.249,115.70,111.66,
2008-08-15T00:00:00.000,2.861,3.180,114.40,110.16,
2008-08-08T00:00:00.000,2.894,3.323,118.80,116.56,
2008-08-01T00:00:00.000,2.990,3.582,124.57,124.43,3.485
2008-07-25T00:00:00.000,2.979,3.686,125.92,126.70,
2008-07-18T00:00:00.000,3.164,3.920,135.37,135.05,
2008-07-11T00:00:00.000,3.295,3.987,139.95,137.43,
2008-07-04T00:00:00.000,3.360,4.045,142.52,141.07,4.091
2008-06-27T00:00:00.000,3.319,3.902,137.00,135.54,
2008-06-20T00:00:00.000,3.296,3.859,134.34,132.08,
2008-06-13T00:00:00.000,3.331,3.965,134.80,134.12,
2008-06-06T00:00:00.000,3.218,3.812,128.16,126.33,3.985
2008-05-30T00:00:00.000,3.241,3.900,128.47,128.76,
2008-05-23T00:00:00.000,3.209,4.059,130.14,126.47,
2008-05-16T00:00:00.000,3.067,3.842,124.96,122.58,
2008-05-09T00:00:00.000,3.018,3.661,123.01,119.84,
2008-05-02T00:00:00.000,2.837,3.408,115.42,111.98,3.730
2008-04-25T00:00:00.000,2.912,3.481,118.53,114.34,
2008-04-18T00:00:00.000,2.819,3.591,114.33,110.42,
2008-04-11T00:00:00.000,2.675,3.486,109.71,106.60,
2008-04-04T00:00:00.000,2.515,3.197,103.46,100.88,3.461
2008-03-28T00:00:00.000,2.568,3.241,104.49,102.05,
2008-03-21T00:00:00.000,2.392,3.281,105.28,103.05,
2008-03-14T00:00:00.000,2.561,3.360,109.35,107.69,
2008-03-07T00:00:00.000,2.492,3.136,103.44,101.90,3.180
2008-02-29T00:00:00.000,2.478,3.003,100.84,99.10,
2008-02-22T00:00:00.000,2.527,2.908,99.61,97.13,
2008-02-15T00:00:00.000,2.362,2.736,94.13,94.98,
2008-02-08T00:00:00.000,2.219,2.534,89.08,89.88,
2008-02-01T00:00:00.000,2.281,2.546,91.14,91.77,2.745
2008-01-25T00:00:00.000,2.260,2.522,89.41,88.46,
2008-01-18T00:00:00.000,2.278,2.572,91.51,90.03,
2008-01-11T00:00:00.000,2.375,2.602,94.76,94.40,
2008-01-04T00:00:00.000,2.502,2.719,98.17,96.50,2.771
2007-12-28T00:00:00.000,2.443,2.672,95.64,94.39,
2007-12-21T00:00:00.000,2.308,2.628,91.16,90.82,
2007-12-14T00:00:00.000,2.307,2.618,91.18,90.24,
2007-12-07T00:00:00.000,2.252,2.603,88.71,89.09,2.741
2007-11-30T00:00:00.000,2.340,2.707,92.47,92.16,
2007-11-23T00:00:00.000,2.484,2.769,97.93,94.01,
2007-11-16T00:00:00.000,2.411,2.648,93.56,90.74,
2007-11-09T00:00:00.000,2.474,2.709,95.81,93.54,
2007-11-02T00:00:00.000,2.365,2.605,93.46,90.42,2.719
2007-10-26T00:00:00.000,2.202,2.486,89.23,83.72,
2007-10-19T00:00:00.000,2.216,2.451,87.80,84.29,
2007-10-12T00:00:00.000,2.095,2.332,81.46,78.85,
2007-10-05T00:00:00.000,2.068,2.305,80.59,77.98,2.419
2007-09-28T00:00:00.000,2.107,2.330,81.70,78.15,
2007-09-21T00:00:00.000,2.148,2.369,82.26,78.17,
2007-09-14T00:00:00.000,2.077,2.317,78.95,76.89,
2007-09-07T00:00:00.000,2.069,2.250,75.96,75.06,2.311
2007-08-31T00:00:00.000,2.084,2.162,72.93,70.55,
2007-08-24T00:00:00.000,1.955,2.087,70.19,68.44,
2007-08-17T00:00:00.000,2.050,2.100,72.05,70.09,
2007-08-10T00:00:00.000,1.924,2.055,71.92,70.70,
2007-08-03T00:00:00.000,2.026,2.149,76.75,76.34,2.199
2007-07-27T00:00:00.000,2.019,2.107,75.15,76.66,
2007-07-20T00:00:00.000,2.086,2.129,74.92,78.24,
2007-07-13T00:00:00.000,2.257,2.169,72.79,77.76,
2007-07-06T00:00:00.000,2.238,2.179,71.78,74.79,2.267
2007-06-29T00:00:00.000,2.221,2.146,69.13,71.76,
2007-06-22T00:00:00.000,2.223,2.168,68.78,71.78,
2007-06-15T00:00:00.000,2.142,2.088,66.62,69.89,
2007-06-08T00:00:00.000,2.152,2.083,65.90,71.23,
2007-06-01T00:00:00.000,2.183,2.056,63.94,68.45,2.193
2007-05-25T00:00:00.000,2.292,2.099,64.89,70.65,
2007-05-18T00:00:00.000,2.317,2.062,63.61,67.55,
2007-05-11T00:00:00.000,2.220,1.999,61.90,63.91,
2007-05-04T00:00:00.000,2.206,2.018,63.82,66.04,2.167
2007-04-27T00:00:00.000,2.181,2.067,65.26,67.39,
2007-04-20T00:00:00.000,2.032,2.006,63.06,66.21,
2007-04-13T00:00:00.000,2.118,2.090,62.58,68.20,
2007-04-06T00:00:00.000,2.040,2.046,64.82,68.55,2.084
2007-03-30T00:00:00.000,2.021,2.007,64.18,66.10,
2007-03-23T00:00:00.000,1.930,1.854,58.26,61.09,
2007-03-16T00:00:00.000,1.908,1.839,57.94,60.87,
2007-03-09T00:00:00.000,1.897,1.871,60.85,60.35,
2007-03-02T00:00:00.000,1.867,1.857,61.64,60.62,1.896
2007-02-23T00:00:00.000,1.729,1.757,59.57,58.16,
2007-02-16T00:00:00.000,1.605,1.710,58.41,55.54,
2007-02-09T00:00:00.000,1.545,1.759,58.99,57.90,
2007-02-02T00:00:00.000,1.476,1.713,57.11,55.92,1.779
2007-01-26T00:00:00.000,1.407,1.632,53.57,54.87,
2007-01-19T00:00:00.000,1.343,1.557,51.51,51.40,
2007-01-12T00:00:00.000,1.418,1.610,54.11,51.79,
2007-01-05T00:00:00.000,1.550,1.683,57.76,55.63,1.816
2006-12-29T00:00:00.000,1.616,1.715,60.66,59.69,
2006-12-22T00:00:00.000,1.747,1.802,62.40,62.44,
2006-12-15T00:00:00.000,1.660,1.845,61.91,62.56,
2006-12-08T00:00:00.000,1.637,1.918,62.32,63.63,
2006-12-01T00:00:00.000,1.697,1.917,62.02,62.59,1.953
2006-11-24T00:00:00.000,1.622,1.832,57.24,59.20,
2006-11-17T00:00:00.000,1.568,1.801,57.56,57.85,
2006-11-10T00:00:00.000,1.566,1.793,59.96,58.02,
2006-11-03T00:00:00.000,1.481,1.721,58.55,56.48,1.857
2006-10-27T00:00:00.000,1.546,1.804,58.88,57.73,
2006-10-20T00:00:00.000,1.490,1.842,58.48,58.51,
2006-10-13T00:00:00.000,1.486,1.794,58.58,58.33,
2006-10-06T00:00:00.000,1.515,1.761,59.77,57.15,
2006-09-29T00:00:00.000,1.524,1.771,61.94,58.76,
2006-09-22T00:00:00.000,1.527,1.720,61.40,60.23,
2006-09-15T00:00:00.000,1.606,1.771,63.98,61.38,
2006-09-08T00:00:00.000,1.649,1.959,67.53,65.76,
2006-09-01T00:00:00.000,1.798,2.108,70.01,68.35,1.982
2006-08-25T00:00:00.000,1.888,2.264,72.12,71.92,
2006-08-18T00:00:00.000,1.990,2.187,71.79,72.35,
2006-08-11T00:00:00.000,2.156,2.302,75.63,76.98,
2006-08-04T00:00:00.000,2.359,2.370,75.20,76.32,2.273
2006-07-28T00:00:00.000,2.277,2.257,73.87,73.53,
2006-07-21T00:00:00.000,2.232,2.194,73.98,73.52,
2006-07-14T00:00:00.000,2.205,2.198,75.21,73.99,
2006-07-07T00:00:00.000,2.216,2.169,74.65,73.45,2.223
2006-06-30T00:00:00.000,2.154,2.103,72.65,71.82,
2006-06-23T00:00:00.000,2.003,2.074,69.94,68.33,
2006-06-16T00:00:00.000,1.984,2.099,69.48,66.17,2.195
